my_new_name,screen_name,status_count,word_count
446798263883022336,toxicsmrcxz,49879,8
,alexaa09991177,1928,10
,Lawdopsy,3657,21
446769669253640193,Maria1174,13994,14
,Alejandrosfc92,3886,13
,SexyTimeVideos,204,10
,RichmondReady,30,20
,hicelinen,29691,19
,Carajo_o,2652,12
,SexyTimeVideos,203,10
,H0rb00,2457,19
446797372556054528,RodriiguezRo,58791,14
,erosKAC,2676,19
,alexnaud,5276,16
,rcortesarq,596,17
,MusiiRock,3074,16
,luvinheart4,24,18
,TierraDelFuego,18552,9
,komonews,60590,10
,carmemee,151,23
446794593040756736,OscarLeon12,11011,16
,jazzycsmith,16980,9
,meteomataro,9187,22
,waDNR,7641,17
,p_irenita,1854,30
,kakarotprime69,2237,18
,SabadellMeteo,10283,14
446793107418255361,JaquelinPalma,60,8
,madisonwhit14,1641,7
,Gianna_Rodi,39358,22
,rwforster75,12798,16
,kecurley22265,37190,13
,AliMelendez89,1349,16
,VAI95thm,269505,12
,fran_namaste,16914,16
,nicoleann1581,560,7
446793435588993024,BearRooock,8782,15
,MagdaDPVilm,31714,11
,mitosoya10,3136,12
,ElssFloresh,31817,16
,nathencressmun,7368,16
,HenricoOEM,1683,20
,UnPonquesitoo,27896,17
,___RocioAAR,20208,14
,leeo_torres36,17423,21
,GetHeEqOperJobs,41540,15
,R_y_a_n_W_o_l_f,85,21
,raissaf37,663,12
,GerardoAlbornoz,2762,16
,danielsotoK3,69934,16
,KrysElizabeth28,6360,26
,Andii_8899,29616,8
,AguusLaT,8583,6
,kurdosky,642,16
,TheBigAppal,70376,11
,jlock,14001,14
,CineMohicano,11093,19
446797570703380481,M_AlejandraM_,49725,11
446510739553927168,Eve_Germanotta,39218,14
446792117818781696,maximoguaraca,361,6
,loveebrookiee,4549,2
,hiperactivaa,1944,12
,teleSURtv,383277,14
,fatimabelini,32268,11
,BlueLineAcross,3527,18
,raissaf37,661,8
,halcon181067,67,16
,Gvlg1,45380,13
,bugsbunny2390,689,16
,revolucionjorge,433,16
446797482245099520,viviancsm,15242,26
,LuciiaMariin,11496,10
,Chinkstaa23,42663,10
,JaviiOc,537,8
446135394682171392,zainisonlymine,2742,4
,Darwin_Movie,27906,21
,_Karentatiana,4434,12
,BlueAlertUs,8733,18
,Lufer2013,1026,16
446797599962836993,Diiego725,1052,22
,gatokinetik,4168,17
,ValeGomez47,9015,5
,Andres_soy_,1680,14
446798432188252160,hola_hello_,10267,7
,LuchoMaciasZ,22647,16
446798861353234432,EmperorJayLay7,38159,10
,PabloPoletti1,29863,8
446789675361910785,LeiidyKatherin3,1903,6
,13NiikoG,978,12
,Manu_MaA,1305,17
,FranLed,12046,16
,Marydyosa,76719,23
,NahuVenegas,11414,7
,daniellebutlerl,741,20
,MarcellaJettXCe,949,21
,PerlaCastiill0,1058,14
,Jaineen,48351,8
,PrimaDonno,54926,6
,Kizko_83,2942,22
,Rep_Artran,8581,20
,Franko_Oso,18235,17
,jorgepoeta2013,3650,16
,rigarnov,5882,16
,noseasviolento,1975,16
,FcoRiosZer681,707,18
446799237721108480,ElectroFan__,5072,7
,MCotillardSpain,81828,21
,EvyBnJ,13464,26
,Candeazzaro,11786,21
,CaeVizcaya,15327,24
,IgnacioCasasKan,2524,19
,adrianajrzg,2378,18
446785155739303936,KPlaunt,23,12
,robotttt,4523,5
,ses3284,35,18
,ferni0000,14023,19
,OG_LadyDee,31598,12
,SwagOnTheFloor,1369,14
,Oso_beautiful_,15765,13
,pablogilbert3,13690,16
,aislinnsaman,8267,24
,GavinVerdier,25,12
,Ana_Reyes1,24580,14
,Maajito14,7577,7
,titotok,1408,6
446799478616784896,lilBRINA_,98202,11
,anacomedonuts,7680,17
,lilBRINA_,98203,12
,DayTooFinee,10788,28
,TheWalker_94,619,6
,oyeeMay,8660,7
,youknowigotsoul,4065,15
,guspinto62,5250,9
,AggusMarquez,7973,4
,madridloscars,1591,16
,ITengoFlow,8777,9
,RickyGQ_,76206,13
,bcrch_ruiz,29,6
446799448539013120,Raww_Diana,19995,4
,GoodNewsCops,348,18
,antho_clay,7402,12
,antoespro,2814,6
,DanielRL9,9282,14
,daanielaa__,36614,11
,sol_ftlarry,7349,19
,maperello7,7350,5
446787569561649152,Alonsoare,1894,6
,carlosortizDT,1842,10
,chapara05,7031,4
,costocorn,59521,7
,jeimy192,66,6
,juveojeda,6528,18
,VeronicaPinguil,861,6
,OrsoBianco_OK,27,9
,RamireszZulee,352,19
,alex_pena8,2838,7
,karlozzx,104750,15
,MilagrosSilva20,19769,5
,dany_alcon89,3588,23
,USRadioNews,544715,19
,TexasFloodSRV,262,20
,hargrow_david,729,10
,Mafer_26,36679,4
383237440908959744,weheZabaleta,22219,13
,weheZabaleta,22220,7
,Oyola_Luis,20738,8
,gabi_jos1,158,14
,Elba_Contreras,44,16
,ismaceltinha8,2368,6
446797159879286784,ag_tn3,15109,15
,PediaStaffJobs,4606,11
446794553962799104,mrawiper,8181,14
445166158547648512,Alexabvbarmy,2191,26
,Nancy_Chapu24,50208,6
,zamarriparb,673,16
,manuel_28100,1206,6
446748583388139520,JuliaKCarter,3383,18
,sandra_r2861,6,14
,veroeguiia,2217,16
,avancestar,41,4
,BackToDan,60672,8
,tmalmay87,1653,15
,Oso_Smuvv,27694,18
446794971392528384,LibbyBlog,57439,15
446750586629664768,christianwebb18,85,10
,Johny_Slide,2426,6
,FrancaZama,10797,16
,Arlington_Buzzz,12037,19
,washingtondar,994,20
,myriamjuanan22,904,13
,julianaalfonsoo,35254,11
,antmonge,2865,17
,BCDawgsSoccer,196,22
,jazmineeee_x33,3581,8
,doclock07,2817,20
,drginareghetti,15772,12
,MutateRoos,129125,4
,adrianajrzg,2380,4
,FerchuFraga1,30169,20
,dbishop336,1865,7
,Rodedurobles,15601,20
,RicardoCrunk,45720,6
446800634516217856,FeerTinajero,1837,15
,mirna_rosa_2812,1061,16
446800610512228353,JoseBalletboOK,3206,24
,EDWARDJOSEYEPLO,6799,16
,Mer_Funes,93,20
,JoseBalletboOK,3207,20
,AccionNacional_,33576,16
446799660334600194,elimanzo10,2219,18
,gabrielamartf,6927,20
,milagrossosa22,4036,7
,MarinaPrado84,252,20
,ValentinoArbio,10941,26
446800484549283840,LuciiaMariin,11500,9
,DCMJ2014,1758,23
,Ohh_Spazz,4183,8
,GreenpeaceArg,21283,19
,LSCSN,25783,11
,Basuracerobb,1607,20
,amandagarcia_3,990,19
,jobz4business,34311,14
446799040685277184,KalelMendez,14,5
,DTEFLON1,63692,4
,sebasrenzi,946,20
,ManuLakdLCS14,18106,7
446797219593994240,jenniandrea2,2665,8
,CetinaVictoria,17878,4
,Caami_S,4600,13
,Aguilax6,101392,10
,Eliicorral,11710,10
,Andres_Jara15,136,25
446800610512228353,Marydyosa,76727,24
,viridianasilvav,2571,8
446800751684517890,KalelMendez,15,6
,martirobledo28,389,9
444232285446221824,JuanmaOkis,628,24
,Alferguz1997,357,12
,scooby1512,3416,23
,seattletimes,36900,14
,CUEVA_DEL_OSO,5517,9
,Inexplicable_fb,12989,20
,AgustinCarree,1031,26
,Diego_Pereda,6297,14
,YALS69,1856,16
,marimarvp,4611,18
,asap_milk10,390,19
,danita_dewey,10577,20
,Majiittooh,393,20
,N_Ododa,349,23
446800165458804737,The_BAB_CoS,2266,23
,AldanaConca1,3910,20
,fernetconpapas,28842,20
446457807915986944,BTRmyidiots,5328,8
,shackpatriots,319,23
446799432952987648,OmarNeMz,5181,6
,FabrizioLoDuca,7432,20
,R_Feijoo,20231,20
,FlorPenayo,11280,20
,Jusfusai,2865,20
,AnitaMarcos24,2250,10
446726868952031232,AnaPaulinaRa,9900,11
,fedeealejandro,9474,20
,SoyCons_Ok,24814,20
,Lauuuu18,667,7
,AprilMonterrosa,15109,12
,SamBertinatto,610,20
,HSportsMa,144,23
,carlitz_th,9022,20
,Ale_Bonilla04,3600,7
,MartuMd,58859,20
,candeseb87,12893,13
,skky_b,17507,16
,sofiCirigliano,11321,20
,ErnestoIdrovo,5537,16
,BellaJRB_VII,77137,6
,NazaGab,10236,23
,fannicarba,8609,9
446799961959563264,BearRooock,8784,23
,JacquuelinCG,10935,14
,DrManuelTejeda,660,21
,julianmilan07,1467,20
,Jaineen,48352,7
,FloppyAL,4278,20
,ramonmf,1466,29
,betinawer,4462,20
446799040685277184,KalelMendez,16,6
,KingLeny,16918,3
,HeeiMaream,5815,16
,SamHarrisonSE,3435,17
,MelliMic,8368,20
,Marisol_Pedrosa,12322,12
,memorycuiz,25706,10
,ElisaVilla19,4772,6
,DiegoCornelio_,9676,19
,Memoosiando,712,16
,LorenaMCarrillo,2148,6
,MyzaSaharuddin,58447,17
,ilemosquera,14276,20
,CruzinNitro,42146,14
,Maivel17,917,18
,TuDosCinco,461,10
,STSTWO,24514,25
,RosalovesPMAF,26235,21
446782617468162048,MicaChambrone,19933,15
446799418327838720,prettygirltee_,13942,4
446801228383924225,Louis_T0m,1147,7
,shortchild77,7031,12
446801666848088064,ElectroFan__,5075,8
446797371595186176,reedusfreak46,800,10
446801558622052352,Cinsa22,7707,7
,Yung_Marci,38705,11
,doropeaton,68478,16
,xBeenBallin,45957,13
,MasserAiello,472,2
,PaaulitaCai,8467,11
,RafitoRc,3850,16
,1AguusVeliz,11199,16
,lakapi,1145,20
,anolivad,20211,22
446801315012689921,christianwebb18,89,6
446799237721108480,Memoosiando,713,9
,ClaariCarp,13953,7
,jose_skrat,271,11
,ZBC21093,4998,24
446801056987508737,Merkadiccion,29058,22
,silvachito,78,24
,aaronjcastillo4,978,8
,GastonGodoy14,1232,20
,carlaluc1ana,478,20
446801547734036480,aaronjcastillo4,976,7
,ritdododo,243,21
,Arlington_Buzz,52029,14
,megs_pederson,214,8
,aaaaaldigarcia,1373,11
446801638607441920,KING5Seattle,64595,13
,kikinator14,8003,14
,titanicccccc,29339,9
,EmitaLcS,1540,9
,narriel,345,15
446800885096513536,Galik_Ingrosso,48655,6
,ClariCoria,5991,7
,EMRAnswers,26470,12
,Vanealvarezr,1601,17
,Jpacktoodope,4976,15
,BharatKrishnan,21730,22
,DanielaOrtinez,2323,12
446772444343582721,sampurewal,335,12
,cheuus,4604,11
,GisellMd,169,14
,marcelateleSUR,4891,16
,YaninaMarinos,357,25
,Maai_Ponce,1881,13
,pepa965,80441,21
,KING5Seattle,64596,18
,luisvideoplus,986,16
,dia_schmia,6170,11
,claudia_sele,4190,9
,CaroCastilloG,7327,19
,P24Noticias,502734,11
,pudyvetu,206540,9
,AlexaSorto_,60248,6
,lobotiger69,195,6
,_clary_,104338,20
,rosstheflyer,682,18
,KBlissSCM,540,14
,Dubstep__Din,4300,5
,iJordanGamedah,1155,7
,ManuMarizza,14505,15
,Yung_Marci,38706,9
446802181384318977,Matt_2P,15372,12
,GastonBorita,3137,20
,gerardomartinve,169,20
,Vrnc18,165,30
,Rocko_Alves,7706,17
,mayipa,3259,6
,DanMari74,3152,26
,Matutemora,4256,22
,Jlrmz,18445,20
,LittleLouuuis,14124,30
,sonrientee_,11816,3
,prez_dp,288,9
446802088543399936,ShannaStrobbe,3240,21
,Kipmalinosky,1534,20
,mini_wiki,279,13
,calzadilla450,526,16
,Lucasntvguero,1917,20
,HancockWallace1,27047,8
,ilemolina3,6326,3
,Seelenni,74127,14
,CBCTestimonials,1529,13
,MrDonCaliche,93996,7
446801795692900352,poxoleytor,25125,21
,mosobsu,2583,8
,RosaCuak,4744,30
,Candeentraigas,17181,8
,CaroGaggero,2845,20
446800026107252736,salut3orshootme,28768,20
,williamhrndz,7728,7
,Famousskiaraa,6367,7
446729285231861760,afeverpanic,202216,10
,Tequiero_Eli,17246,12
,QuEeNMeRaNdA,1646,17
,bri_rumple,711,18
446802406211203072,Melany2605,993,14
,fakub2013,1984,8
,Krupekin98,657,20
,MrDonCaliche,93997,14
,7Belu,19340,6
,mrpoosible,660,16
446799992330924032,mr_saltz,5727,16
,santiolmedo22,2531,20
446785501643563008,KING5Seattle,64597,14
,Job_Arlington,3008,15
,42nd_Hector,24910,24
,Job_Arlington,3009,16
,Agustinsalinaas,1473,10
,brenthaines,217,8
,SandyQuintana_,3234,8
,DaianaMonzon91,8308,20
,Ermees_x3,11849,15
,DanaaCuelloo,22571,17
,ElfaGaitan,16557,19
,shubbidubbi,46354,7
,betty_cristaldo,576,22
,NotBefore21,6479,16
,javierebarinas,192,16
446799975700131840,DopestShittt_,18511,27
,GuidoArecco,7352,7
446801651760775169,danii_diaz31,980,15
444232285446221824,JPonceAlonso,3139,13
,DinwiddieEM,772,20
,LCCSathletics,417,13
,RRPDC_EM,398,20
,TamiiRiios,2340,11
,isa_ov,195,20
,isi1510,1318,6
,MarlenOriana,504,9
446803025974132737,_Keniia_kenya,1224,22
,Marscia_02,88511,20
446801935237410817,TOareaFan,3880,23
,_ItzelHernandez,41968,11
,CarmenFuckinWay,65113,16
446803239137476608,J_KhooYeeShen,20590,7
,AgusQueso,14815,16
,Aguss_aj,2504,12
446802427140775937,MR26five,29485,3
,ITengoFlow,8793,13
446801156606787584,DelaTower125,4897,26
,GovInslee,908,16
,whoelse_Luisana,16068,6
,EliNuniez,69445,16
,M__Luuz,25481,11
,monicaschmiedt,12852,20
,planforemergncy,1526,17
,MyIdolsBitch_,38830,22
446801858711941121,Josse_Marquez,17780,6
,_KarlaCordova,8731,6
,NotBefore21,6481,15
,FernandaZamor20,2302,23
,maaaaaaby,8770,13
,C3Green,321,20
,Andrea_L01,5507,6
446802847544270849,Gerardo0579,8,10
446798122271125504,kbfoster,13181,17
,antho_clay,7403,27
,snorthnews,757,11
,KyleWintermute,9819,16
,KIRO7Seattle,75552,21
,FacuMolina14,1035,14
,jjgergen,697,9
,louderloudest,2742,22
,barringtonnews,61806,20
,Jaineen,48353,7
,GisselCabrera7,6427,6
,alexisramosrc,21294,13
446803727190474752,AlmaaBelmontes,22343,6
,TamiiRugilo,38916,16
,KIRO7Seattle,75553,15
,heydysabogal,208,12
446788336712028160,LenaMalinowski,217,16
,Marianaa_L,11615,6
,UsanDesign,789,15
,__xKILLADRE,23729,6
,NaniZecchi,16016,15
,EclecticKayla,3761,17
446803721117106176,KING5Seattle,64598,16
,Madison_Midyett,8424,7
,mariahbm14,519,29
,torquebrown,1242,13
,WingstopMexico,9757,16
,EstelaSnchez24,24285,25
,Jeimmy9698,15780,23
446803955905875968,Nodigas_nada,1144,12
,MWorldBastards,2094,21
,joven_maton,37841,11
,FernandaMontoy7,310,13
446799337742282752,kidrauhlins,23378,7
,SerFer68,721,20
,Ivanaajmr,8616,15
,miguelchicon,2712,16
,Humberling0,4550,2
,SaltaresSm,5669,20
,noeliamarquez87,395,12
,fabiolaabo,10925,15
,sevastrillos,524,12
,JonoAnzalone,65,6
,87LeticiaPerez,1010,6
,pamesm_,1288,20
,Aldddddana,16882,7
,Alvaradoblog,88857,29
,Makyss2212,13952,23
,Farley_Themen,50604,3
,eiihaerani,33726,19
,ToroMelina,519,20
,alyssthe_great,3116,5
,juanideppe,12625,6
,LacoREACT,180367,18
,KBlissSCM,540,15
,SolanaEspindola,1286,7
,bianformica,3564,20
,CarlosLendnez,3388,21
,amaliafm2,13957,10
446804281375457281,Joss_HSoto,4428,6
446804305710829568,TumbaFalsa,99876,6
446803915775172608,AbsurdChild,5842,15
446803591420854272,FernandaZamor20,2303,17
,titanicccccc,29342,12
,marazamg,960,26
446804209011535872,fernandodevaz,256,21
446804085501886464,WisdomByAaronC,57184,12
,LuisSevillan,2455,23
446804162408632322,rodger_sherman,17507,7
446804166803869696,HayleeMroz,2328,25
,JLFeriaM,1472,29
,OskitaTorre,10678,29
,nejo25,173,29
,mosobsu,2584,12
,isra_morillo,1131,29
,bolinaga_alba,6156,5
,RocioB_Bermudez,3027,15
,LEXBeHonest__,11126,7
,lauraescobarve1,6541,6
,alyssthe_great,3118,7
,MicaelaEyarch,5198,9
,larry_lharmon,3724,18
,CopyCatFilms,8587,19
,JoshuaSebesta,6023,20
,javimarquezsfc,1270,29
,vagazette,9986,20
,Candeentraigas,17185,9
,bpberard,238,12
,ansanriv,4,29
,ToledoJavier94,2738,2
,elpossense,405,20
446804533159542784,dbcrespin,37441,4
,manila_bulletin,189957,5
,garciasev,473,29
,soyMarquito,8336,18
,JoaLaval,46409,21
,la_abuelaCarmen,1976,6
,_msfrancisca_,3838,9
,soy_valery,28177,8
,Manu_Pititi,16805,29
,fjtineo6,3668,29
,DaniMendez90,2201,29
446804458270629888,ludovicaVII,41621,26
446804297129283585,MariaLuzPinoo,5840,18
,GabaCabral,17115,11
,MoC95,12023,30
,_MariaJoseBR_,2604,29
446781307654520832,Adrianarovi,334,28
,edurock3,20501,29
,Unicornasshole_,14532,9
,MattHillestad,3078,22
,AntonioGranado_,3926,29
,mkgunson,25,12
,Sofia_Juarez_,2175,20
,Eleenita92,7280,27
,Job_Arlington,3010,18
,Job_Arlington,3011,16
,Job_Arlington,3014,15
,Job_Arlington,3013,16
,Job_Arlington,3012,15
,YonaG17,33548,9
,MARIELLADRONDEG,2421,26
,VietnamGear,96,10
,NMyLife,2646,20
,ftspage,23904,18
,ondarroa55,5355,16
,JosuJulian,5391,16
,roshiniesta,2657,29
,YNT_KT,8721,4
,Candelaria3900,491,11
,ItsQueenJ_,9356,23
,rochi_dopazo,10546,24
,itsSheliiM,35478,8
,Fernando_RM3,2711,29
,EleFalvella,25642,16
446804939793104897,Niyah_Luvs_U,12644,9
,MARIELLADRONDEG,2420,20
,BeleGuenumil,23016,9
,thatboi_nemo,3842,14
,MariaQMorente,904,29
,Stefania_Ariza,1381,29
,Shayenicole96,12303,6
,Garciaadaniella,32851,4
446802567788785664,VictorSittler,5836,6
,mr_saltz,5729,7
,MontillPepi,974,29
,GovInslee,909,11
,agusfranchone,2752,20
,pamear55,178,14
446805357721960448,salut3orshootme,28773,11
,ArianeSilva0003,530,7
,naniarranz,35848,20
,4747xkarynhilme,255,24
,BearRooock,8788,14
,Kazi_UK,184914,20
,zarii___,28894,9
,juantoybiris,1320,29
,Rociosfcduarte,8307,29
,Jsoul57,1308,23
,RolaKralicek12,2133,6
,Camwoww13,14259,18
,NASSEJAR69,1618,16
,VideoTracker,129147,9
446805210737168384,NayyCoolery_2,21127,10
,RooHernadez,355,13
,KIRO7Seattle,75554,14
,yolicope,686,29
,KBlissSCM,542,19
,josslastra,2361,14
,brenditaf,34122,6
,AngieeeRoman,5243,10
446798521425870848,gatorpharm80,238,13
,CogeNalgas__97,36915,14
,LinaAlexandra_,8973,16
,AlejandraaaaaV,17981,8
,Fran_Velez_,2119,29
,JesupiGomez,6757,12
446805555282472960,rockdemarina,1978,4
,LLpaulita1,1109,20
,AdonaiContreras,1630,19
,Oso_Fredo,8225,16
,DannaSalazar03,4423,9
,BarbyConley,2080,6
,Pepepeperry,37828,8
,BettyAbrahamwWC,95,21
,iraisfm,6056,21
,cpcgayon,496,16
,JujiGraziano,46771,6
,Job_Arlington,3015,15
,Job_Arlington,3016,16
,andrew_sfc,5865,27
,Job_Arlington,3018,16
,Job_Arlington,3017,12
,DarkPortu,56961,10
,shaykwalsh,8494,17
,eliovaie,659,8
446805432238358528,Daanilicious,15883,5
,AddaLavalle,27014,10
,Marialuzgilpi,19161,20
,lisbethchantal,17302,19
446805306417233920,angelgonzalez06,68403,15
,DIGIMIXCAST,145039,15
,TempoPHL,75552,5
446802784403214336,austinmcnair,5332,24
,MarianRamiii,5962,13
,Aaliyah_777,5617,11
,Hugo_faisan,58249,15
,catchtaryn,97086,15
,Niyah_Luvs_U,12645,12
,Aaliyah_777,5618,1
,The_Red_Hulk75,67836,15
,wmkoenig,5459,12
,Sasha_NY,157785,15
446798787710042112,yeirusk,14894,11
,olymuso13,6287,13
,Thrasherized,78304,24
,meteomataro,9188,22
,Pienta_73359,5447,10
,JeJv84,2,29
,rai_benitez,61,29
,david_648,617,7
,UnSiberianoRR,2237,22
,DulyVaan,1977,7
446794080513556480,KarlaMonntero,537,20
446804022159106049,UrbanSproutEtsy,290,12
,MariferVillalon,737,9
446804533159542784,GuillermoEduard,45223,4
,WhoCaresYourFat,20414,9
,burtbigge,1097,8
,jorgeclmz,480,16
,briantNTVG,11937,12
446805522134888450,Manuelkael,3787,8
,Fastidi_oso,7446,9
,komonews,60590,10
,GallegosRamon_,1271,11
,ChichiBrade1,21890,15
,Arlington_Buzz,52030,15
,m8skull,152,14
,NinaByrd17,5078,13
,Jaineen,48354,7
,_pantsdownluke_,5429,7
446806432868888576,ThatGirlYahs,31723,4
,danielafc_a,5473,3
,beasley_jada,2027,17
446805724845572096,Cuteaseunhae,38253,21
446806330884358144,ThatGirlYahs,31722,4
446806214165676032,Dragonearuss,1482,7
,odontoclasto,7286,18
,JaviRol_SFC,9694,29
446806290413940736,david_648,620,9
,Ling_phoh,6089,8
,alejandroem,30568,17
,mayass_kardass,5991,7
,MoC95,12039,28
,SocialArlington,29762,20
,SocialinAlex,26882,20
,SocialInDC,60020,20
,SocialInFairfax,28718,20
,SocialNLeesburg,12584,20
,SocialRockville,12819,20
,scottwithfarmer,5217,11
,jomamorquin,556,29
,david_648,619,7
,JuanDiftLovarou,4729,16
,Zairaaa__,8810,19
,_MadePertuz,13457,5
,antonioarce1992,809,22
,ireballesteros,5647,7
,KattyMirandaaa,11219,8
446806733860532224,ThatGirlYahs,31725,4
446806197316771840,MonikaGalaz,19284,7
,Ruben10cc,15395,29
,AleMontalvo2,30674,14
,DanniaM_,19678,11
446763570898804736,Mcheney99,1888,6
,HC_tere,11572,9
,Cocido_negro,2692,6
,IlVolo_Vzla,20823,20
,dvdsevilla,299,29
,Nitrosky,4599,20
,noemicard3,1193,21
,SasaLovesCoffee,8403,15
,KING5Seattle,64599,14
,Arlington_Buzz,52029,14
446806176101986304,ThatGirlYahs,31724,4
,CarleteSH_212,697,11
,Elcochipuntocom,8921,6
,ChipiChipi_yo,20827,14
,Rocio_fr87,3690,29
446806499588075520,_Relajese,2017,4
,veroo_2706,1289,14
,candeseb87,12895,5
,LopezVlc,18060,6
,sooldiaz,14776,12
,JoSeMeRc,3128,29
,manueld27,10832,29
,ShesA_Gemini,8258,10
,david_648,621,8
446806074083917825,BearRooock,8790,19
446806890987524096,ThatGirlYahs,31726,4
446775644685615106,Wagner14II18,4304,19
,juan_seda,3440,13
,threegoodrats,214,22
,Crisstianreyees,12176,3
,ChendoJBC,1842,13
,MarisolMora_,16620,7
,Sofimirandetti,6300,10
446798826913816576,hannah_woot,317,4
,KeniaG_,95,9
,AnapaulaAcosta5,8837,9
,KingLuTheMac,35485,18
,SweetAdiction17,7082,14
,Daniela89732400,145,14
446806797207076864,GabrielRivera__,20407,7
,Jess_3zvc9,3769,21
446807144688779264,FireChaosAngel,71822,10
,RicardO2Osorio,523,6
446806608647946240,fer_Cparawhore,63701,11
,taniaYZG,28444,12
,trippnickerson,2000,22
446807061838303233,TOareaFan,3883,23
,ftspage,23908,4
446806930926104577,david_648,622,10
446664906142523393,ik09chn_2,16454,2
,livedclife,38183,22
,citygirlblogs,28936,23
,danivh3101,289,4
,zainisonlymine,2750,9
,sudiviso,915,13
,Malennnnnnn,8975,7
,isaazara,14943,5
,Cleduchiis,7246,24
,FUDemocratica,4945,20
,pythonjob,2126,15
,AlejandroNez3,4584,28
446807430978998272,ThatGirlYahs,31727,9
,paulgurski,889,25
,OSO_COCKY_CHICO,43996,12
,migue_minagorri,1290,29
,Keller_96,699,22
,Syaa0507,7136,7
,SnoCoSheriff,508,14
,DanniaM_,19680,9
,fitriyayuli,2096,21
,calisonny,1749,14
,cpjuanpablocp,285,17
,CergolArgentina,88116,20
446800669010575360,wallyr123,68,7
,__ocampo,10751,14
446807125235617792,david_648,623,22
,mariobrothamm,9417,4
,EBethBts,12799,20
,__sabrii__1,1695,15
446807327224504321,gilberto_ziehl,4773,9
446807657261719552,Avaron1372,21,7
,Make_mestronger,3106,7
,cachetes_511,6378,11
446805942299283456,_Relajese,2019,4
,BryanNoperi,6982,29
,LaAhVe,52577,21
,Gringoness,12,25
,tolson11,1873,18
,MartiMalacalza,7370,14
,WarrenGBuffett,11664,13
,nan_gt,11642,9
446807504777781249,blancalettyp,13896,20
,AntonioBustos07,5353,13
,KIRO7Seattle,75555,16
,Franco_Bertero,3543,8
446755802989494272,Thethlumth,23909,13
,djpabloalbanese,3626,20
,marbauda,913,29
,eugeniamoller,9010,4
,CarmenAg_,5352,29
,BarbanoAldana,4606,26
,yordanwarthon1,6,21
,SEBloyer,11024,5
,LucyMautoneT,15165,9
,silver291183,349,29
,nachojrodriguez,4540,29
,antonio_rufo,3447,29
,PepaFaz,29312,12
446807512780513280,david_648,625,14
446807464713793536,LucasGodoy1999,1401,26
446806620777885696,rojitas1723,15961,5
,Carbanu,2144,20
,Sofi_Cabreraa,32238,14
,AntoGassmann_,3766,12
445997950074777600,March59March,31605,8
,Estela_Reyn,31677,13
446805833058615296,dcaron28,5065,9
446806248496041985,yulimarnieves1,5402,11
,gabyalessandraa,3273,8
,_sweethizumi,93210,13
,vero_rosalesr,18528,7
,Shmeggz,6657,12
,KBlissSCM,544,19
446807487929671680,KalelMendez,17,7
446707937537323009,DMMd_MINK_n,16070,2
,melvidera,464,13
,Arlington_Buzzz,12038,15
,_SMYunho,706,11
,LauraKiedis8,14006,10
446808086595244033,Caroon5,8483,4
,mi_marir,28420,13
,mariaimpagliazz,690,20
,MartiPievaroli,29607,7
,seattletimes,36901,18
446738686160666625,JPAF_,78168,6
,Alyssa27_,1406,7
,JosephAlanzo,10801,14
446808419039588353,pittachaan,1597,16
,MartinezJuuli,12757,9
,pochymg,258,9
,xoxo_LoveBella,18462,23
,hannah_haber97,143,18
,KIRO7Seattle,75556,15
,DanielOliv29,6476,19
,jaht90,503,24
,Panda1810,52841,13
,melanierobledo_,1227,5
446803757725384705,cotifernandez1,3007,8
,jobstoday,12006,9
446808305155858434,Nelly_Diosdado,2020,12
,uwebus,575,20
,ILNewsNetwork,398712,11
,ILConnected,114769,20
,Saskia2382,1423,11
,wheatonnews,39791,20
,Panda1810,52840,15
446804478726254592,matiasbruales,23510,11
,carlos_batako,1252,13
,meteobellaria,6407,23
,samlarsen22,2868,17
,RiiveraJosee,869,29
,CristianVadnnes,119,9
,seattletimes,36902,17
,vegasbroad,16234,18
,MoiraC_,34638,13
,KarenCastrolove,17864,7
,FranGti,3241,13
,feelings_wrong,6440,14
,kcfrankus,1218,10
,dj_cryser,45,15
,BlogCazaNet,5954,8
,RochiiCai1,27719,12
446807648629817344,k8sietoo,4443,14
,linagom96,11291,11
446776385907208192,ArlingtonPatch,9141,25
,fsatenas869,4161,20
,Grammy_Chaser,503,10
,DiegoMacedoRodr,794,14
,brokeeen_heart,10974,16
,Live_In_Carers,142,26
446808192681402368,Ej_Hooks,40299,2
,ftspage,23913,3
,_sweethizumi,93206,15
,Taylorrr_Belle,13985,4
,511northernva,365745,15
,KING5Seattle,64601,24
,Maria__Marquez,2830,29
,Jorgelmp81,2726,29
,13_danih,15385,8
446804939793104897,anyiaalovee_,25322,9
446643908714717184,BnbdbDiane,1840,19
,KING5Seattle,64600,19
,Jaineen,48355,7
,lauritapollera,1487,9
,TheFCSL,1642,14
446808250281762816,_cassandra_v,4327,9
446808362743627776,TataMartinez16,6921,18
,BCfromBlo,5103,22
,CarrionDamian,2961,7
,UyyMasmelo_,21789,24
,VAI66thm,167224,17
,badassallday,3343,4
,LasVegasFD,4422,20
,LarryUribe,24343,26
,classicjayy_,25665,9
,ybag33,1541,23
,Yamimorales16,18758,13
,alicia_lovely1,18299,4
,WopSativa_,4602,4
,mattdwyer318,122,1
446807071531745280,KoleFehling,1689,6
,gabyalessandraa,3277,8
446770797764677633,MilyLeila,6587,15
,ASUJeffReed,5820,6
,Jmjajaj,4209,7
,SemChron_Sports,4186,16
446803020135665664,Nadzaris,2885,5
,CarChickMWB,9557,19
,OsitoAmbosoli,37853,24
,SofiDiazBalda,11888,20
,chodofotoso,5807,17
,TTownSweets,19,22
,SpiriTKDAcademy,8492,15
,NaiGuanipa,63,14
,MedeaTranquilla,3466,8
,florenciapadil8,4460,8
,StayArlington,3271,21
,DjacobUnchain_d,20636,12
,_ItssMARI,14301,4
,DanielOliv29,6477,21
,holasoynatali_,44795,13
446809324183359488,Gusz42,46066,13
,jaime_duque34,1621,29
,JOSEHERD,1063,16
,_SelfmadeShawty,69481,4
,dubhead_92,1174,23
,Sofia_Juarez_,2178,20
,LuHerediaOk,11027,10
,RochyOkTw,5408,15
,Lychfield,8768,14
,DCMETROAFRICANS,70918,22
,janaaaayyy_,41100,4
,DCMETROAFRICANS,70919,22
,VaanHeeLen,9383,15
,ManuelR43234923,25,9
,KenzieHarriss,6747,2
,unitedwaysnoco,3262,12
,shadowllark,281,11
,Eglee19,7075,6
,milagrosdopico,16155,20
,AguusPace,4061,18
446809664748273664,hermedcer,33826,14
446808080878026753,QUELLMAN,26754,2
,tyetyeisdope,646,57
,ataquehungaro,67802,26
,eugelm84,60469,22
,JudaOne_,28123,10
,IrisRealv,8537,8
,Jethal,7651,7
,SaRi_BrachO,96,21
,firepeio,4417,22
,connie_ibarrar,7927,13
446808918761562112,Calibitch805,6132,8
446809629360549888,mariemsleiman,22001,5
,LibreCuevas,115,9
,amour_klb,26265,4
,CodyWCraig,23104,25
,infoconsciente,1961,15
,malcaide2003,136,29
,LasVegasCFA,3980,22
446801578578968576,rorihuela,8467,10
,CharlesHolden4,26344,11
,LaurenLavera9,234,29
,deka_meron2003,28700,11
446809860470882305,karlozzx,104756,6
446808427567013888,antonioarce1992,810,23
,amada452,5734,1
,Juanmicp86,3871,15
,GTGB13,1653,16
,DUHNINA,2898,9
,Arlington_Buzz,52033,16
,gtowink10,3971,5
,Calibitch805,6131,11
,_KianaLashay,111417,4
446808938369916928,meghantews,20857,23
,keeLivinLavish,13117,4
,eguerrar,41710,13
,djchrisstyles,23890,17
,RobeHC,5317,29
,Ashley_Minirock,1287,10
,KING5Seattle,64602,15
,UpsNot,6,3
,QuintanaRocio15,4921,28
,_kellzchristine,17297,4
446809966695837696,MaLu_RM9,1812,22
446783766027976704,USGS,5786,9
,jkp0722,7355,25
,valenchius,22484,3
,LiannaVelasquez,42,20
,DillonO684,599,16
,OKKinderhookRG,197389,14
,BearRooock,8792,17
,pinkcoke_,108712,16
,OilGasGuide,743,26
,fintonm,5744,6
,VeggiePopper,36970,16
,OSO_COCKY_CHICO,43998,4
,JRTICALI,2085,7
,TryMeasure,24852,13
,EstebanPrd17,561,13
446810380082614272,heygroff,33458,22
,IvanRhua,3916,29
,enrikitovilches,525,13
,511northernva,365728,11
,solracs20,465,19
446807533752045568,KING5Seattle,64603,16
,LiannaVelasquez,43,6
,valenchius,22488,9
,RestonVAJobs,9951,11
,PMTSARLINGTON,1309,18
,roruvidal,4390,5
446807071531745280,RZemp33,1157,15
446810052360302592,juanmorgione,3535,19
446809903236399104,vani_espinola,4535,5
,Chunchuna,3594,14
,PHNewsPortal,20322,5
446807071531745280,RushSaints,4265,5
,Gloria_Bravo,19421,18
446810378794577920,LideerSala,4854,9
,karenambatese,448,10
,JimuSandoval,5818,16
,OSO_COCKY_CHICO,43998,11
,javitorpan,153,29
,VAI95thm,269525,13
446809878951374848,ArraezSrta,7313,16
,AnnahibarraganA,24436,9
,twisted_tine,2537,18
,ulisesromod,226,20
,ayu_putri32,3450,20
,TheDOPE_Man,40824,7
446810357609144320,damarisbr,23568,5
446810053647945728,angelgonzalez06,68402,22
,Mariagrubich,19061,7
,classicjayy_,25669,7
,AlexTejedor93,1249,30
446810742923079680,the6footbeaver,5082,11
,NachitoLopez97,14819,29
,MicaPomaski1,3509,10
,edisiero,2310,8
446808927347687424,ilovekhywaunn,9407,3
,ChopHouseBurger,3420,20
,5napkingrill,191,17
446810702502559745,Brendaguilar_96,19429,15
446810810786926593,mariemsleiman,22003,4
,la_rola274,3695,22
446809936442712064,AliQuintillan,160,21
,StellaMattioli,648,20
,A_MOfficial,12663,12
446805635192344576,mr_saltz,5732,2
,TotalTrafficLA,155941,16
,T_Royalty1,45981,19
446810835361361920,lacasagris,4326,23
,PAlboranARGFC,17342,23
,EzequielJunco,13566,30
,RotInHell21,37096,20
,nisurega,263,14
446810777169575936,connie_ibarrar,7927,9
,homeorder,180993,19
,kimberlyhayley,123,3
,Ayisabel,30715,4
,VeeTheOriginal_,6709,5
,VAI66thm,167227,13
,itspardopardo,25562,8
,camiguirado,22911,11
,joannaaugust,730,16
446810674770214912,RonaldSHV,30726,24
446795806021259264,blezbus,4795,4
446811367777918976,modernoprometeo,295,6
,DiazGzz21,20247,11
,danivh3101,290,4
,jeresimbo,8649,11
,MFaulkner76,12642,12
,Oso_Smuvv,27707,6
,luciiluna12,1657,16
446807952398094336,alicia_ddl_1099,137036,11
446811214132563969,YoNiggaGUH_O,24117,6
446803791296217089,gr_javier,23379,13
,fcukitloveonce,38005,8
446810061697191936,D1Prospect_66,5237,4
,_OSo_Pretty,37982,6
,cynicsorcritics,58020,8
,meeyuh,22197,7
446811296777142272,aaronelias95,1053,11
,AnaLbolivo,11,28
,D1Prospect_66,5236,11
,connie_ibarrar,7929,10
,ceciduraan,7390,10
,Danie_la_,3940,10
,marino2615,432,14
,bnany507,228,3
,_envyxLyssa,35771,8
446811761388163072,YoNiggaGUH_O,24111,4
,ValeryaCardona2,12596,7
446759652890402816,GiimeCiriaci,751,10
,JeesPaols,1763,10
,CarlosOropeza60,1238,16
,TamiiRiios,2345,16
,VannaAcostta,7702,6
446811585265164289,lacasagris,4327,16
,_OSo_Pretty,37984,8
,bachi_24,5706,29
,IraisBH,16139,16
,ayu_putri32,3451,22
,lostwithcory,10834,16
,Tincho_pbrea,8714,6
,jbiz13,6841,10
,ArlingtonPD,11141,18
,valentinaavile2,1945,5
,ARDailyMonitor,2644,21
,unputaso_mas,6792,13
,AyeeAllison15,19340,22
,pq_roberta,6706,6
,DariusHolmes27,13376,11
,Vida_callegera,5071,7
,hereforthemfive,7210,15
,_OSo_Pretty,37985,6
,razor_scootaa,45527,5
446808061068738560,LandoArmijo,2799,8
,SooyTelible_,896,5
,Susana_1497,5775,5
,Breukelen299,702,20
,22_PeggieSue,73917,7
,dan_powers,197,14
,paimar7,16925,16
,LiebredeMarzo_,5405,19
,anacarter,954,20
,Trying_on,26746,14
,yudith_mp,1833,11
446812343691776000,Kenspiffy_IIII,7723,4
,piercethevics,27101,18
,PrizEnJoDa,825,7
,fairlyspiritual,7140,18
,HisGREEK,8562,5
,alaia_fb12,2438,18
,KweenBossett,26041,5
446811915629498370,EstefaniaBallen,11682,19
,bray_muhs,19507,13
,JobHitsUS,481225,13
,dumrabbit,271,12
,YesImGeorge,44222,9
,Mati_Heguy,1805,20
446801911740903424,KING5Seattle,64604,13
446759990942896129,margain_oscar,2090,12
,andreapmal,1147,18
,Jaineen,48356,6
,SchmidterFever,3849,25
,m2cabello,2445,29
,vxgaytf,1050,19
,AshtonBlomfield,11595,4
,ianelameza,1279,6
,Juliana_562,18811,21
446766146092421120,cristianolvene,1131,20
446812177845207040,JulianSerpaR,6647,4
,VidesAni,911,16
,SANTi_SiCKO,141657,4
,DSKiller1331,286,19
443055109291790336,ChicoSexy57,3402,7
,minutounocom,58696,16
446112866010419201,PorEl_Amor,239,9
,xstylinsonlove,24312,8
,LuigiR05,5996,3
,JorgeRodrguez4,11768,29
446811909895897091,_Lopez_w,14241,8
,LilRonnyMothaF,125519,21
,Pekitabonita,66072,20
,JDougyJ,26314,8
,Sabriina_Torres,8482,7
,AlejandraH_1212,5074,13
,_BeyondBeautyXx,32179,23
444383557704638464,jcbudia75,119,27
,lk_manuel,642,8
,YoNiggaGUH_O,24114,9
446806550242672640,CristinsB,1764,15
,CarlZetina,34366,18
,DHJamie,376,16
446811792782921728,martalugones,8034,9
446811742937423872,Ciertautopica,4309,11
,ErickPowerss,7989,16
,Said_Miranda,18252,15
446810087143665664,Any_leon_l,3789,5
,jesmonsi,26231,23
,GuilledroFans,26268,21
,laramariana23,206,7
,sofcastrejon,5117,16
,TiernaPesadilla,37052,16
,nawfdino214,10348,23
446810239934148609,ShelbyMcFerrin,3680,16
446812970329178112,_Lopez_w,14242,9
,alinalescano,6412,10
,SaulBlanco98,10043,20
,C_Cardenas,9233,17
446812369436803072,normanm18,6,15
,Oso_Smuvv,27719,12
446810184477065216,3ohGOD_,30080,4
,ArisbelAlcivar,1001,20
,davidmgr78,366,29
,Andreita4563,8887,6
,iSoyLaNancy,4721,11
,Oso_Smuvv,27721,6
,rylee_noelle13,4406,17
446706070262939648,PoolyyDC,1489,17
446810184477065216,3ohGOD_,30079,10
,FlorMouche,8660,13
,MoneyMindedBoys,486,2
,_modelATTITUDE,60997,14
446809896433246208,jegoyforto,8797,14
,wuandiftgaga,9646,12
,DanielOliv29,6481,8
,tamaracolman3,17164,11
446812693471584256,Alan_TGOD_31,9939,13
,adrianalidia,1540,21
,AndreinadelR,13052,16
,LuigiR05,6059,16
,IvanIndu12,14342,7
,caatapatane,6401,15
,gerardo23vega,13686,10
446812538366222336,elquenuncaesta,1091,5
,CallMeDougan,19894,22
,richardespiro,391,15
,ftspage,23927,16
,ximeb_c,376,11
,TroubleMvn__,11580,11
,C5N,109657,19
,josemenchon16,21694,29
,IvanIndu12,14340,6
,GottiWife__,22056,11
,1ValeGrotz,19410,18
,LSUnion,36661,22
446809711472431104,Maizana,4252,21
,J_Breona,86126,15
,MerceCCortes,13475,6
,brialexiaa,22605,15
446812443864334336,iKiamPa,26409,21
446813273992617984,pandazambrano,36960,3
,SheShutThtDown,54675,11
,matiiTKD,816,21
446809616467640320,hgotem,718,12
,loleFH,517,19
446812763357052928,dodorochan,72512,6
,Agustindorce,11404,17
,jpapendick,1781,15
,SabadellMeteo,10284,14
,Harrietthespy73,1671,18
,Shane_Bee,1776,11
,alexnaud,5277,16
,TeresaReyesP,2501,13
,NancyNanperez,28,21
,luiggiviloria20,1921,23
,LouiseGallaghar,21187,8
446808833491345408,alfuen00,4297,4
446808477210779650,SitaJess,26567,16
,EnzoAlmiron_10,15756,21
446813416595152896,Oso_Smuvv,27723,10
,karladiazsilva,19953,8
,suramericalibre,37348,16
,SnoCoSheriff,510,20
446809616467640320,marcosordoez1,22849,7
446813277188677632,ifawstyles,13548,10
,IagoWayne,5749,14
,maneatico,14352,10
446763789396893696,leonellagarde,3478,9
,AntoRuizDiaz,25497,21
,ccaatss,1829,21
,Cami_Castelucci,30272,12
,PAASofAAS,21385,12
,WHSRowe,26884,19
,drydredgers,62,23
,marykarumo,1234,23
,JesulyRios,1890,29
,GenCoScanners,47450,13
,Jaineen,48357,7
,scarpettvane,858,9
446813294670921730,Holly_Crash,1226,15
,vero190575,51940,21
,Niiiqqqo,8643,16
446813574766145537,shin_notturia,9516,2
,taniaojedaglez,5006,9
,jaacxb,24976,4
,FelipeSerrano6,2812,16
,CharlesHolden4,26347,4
,OGFridge,13200,3
,komonews,60592,12
,CrisClorca,36942,10
,JemziiTo_O,3865,5
,Alicia_G1,498,25
,GabivakerOo,217,26
,AngelicaZayuche,470,21
,DianaZendejo,33436,19
,Flor_Otti,6869,14
,Carpe_BREim,22348,15
,Arlington_Buzz,52035,14
,pedrofrederick3,5984,19
,LicGraMachado,12420,21
,AgusMartinan,8701,9
,yuliana_leonr,1697,14
,KIRO7Seattle,75557,22
,Fastidi_oso,7456,14
,DanyLeyvas26,1341,13
,JemziiTo_O,3867,16
,YeimyAvellaneda,6586,15
446814128938942464,NBeautyDisaster,13703,15
,Srita_Vanidades,6040,22
,Lunaaaaa_M,80034,15
,JChourio__,9991,13
446813956347531264,david_648,630,12
,antupellegrini,1939,7
,planeta_tierra1,2228,13
,stefbosss,19361,16
,Beeaautiful_Kee,38104,7
,JoseeGiordano,11650,7
,3999babzoniepaa,247,24
,bochabocajr,181,21
446813640008540161,_Lopez_w,14243,12
,GBecerrasdf,886,10
,JuanJRamirez3,111290,20
446813999972106240,KING5Seattle,64605,21
,HOTSMART,305588,20
,KarenOlivera87,4991,5
,SoysuperGab,6384,20
,JuanJoseRmrz,122335,20
,Linasolano33,188,17
,brunoimper,470,27
,justw4nky,47027,21
,missrussildi,4122,26
,pittbridesmaid,471,18
,Chikomovil,13822,12
,T_Royalty1,46001,17
,PabloRotondo10,566,18
,yoga_lisa_dc,3485,23
,fridaa25,6193,2
,AzulDuenas,1770,17
,dimewero,42332,9
,mshepley,8014,20
,ArlingtonThrive,328,16
446813640008540161,Riizeeen,15957,7
,xeruwederopyd,409,11
,__ashxx,23437,12
,lollahkemper,24912,6
,Otrotwitte45,2642,16
,AbigailGracee19,16128,20
,KeisyCaycedo,19210,21
,silvanarec,66,21
446813337309814784,DonZimmer,593,9
,estelam97810228,1,21
,DiazzKaren,2441,26
,F3arxx_,14587,19
,jesusbarajas4,5374,9
,Denmark_Nene,15221,19
,ZamnDee,32589,19
,ShelsynGarcia,18263,21
,Jayy_dee37,6705,13
,FlorJaime22,20422,8
,andyhermosillos,383,19
,Catabaigorria,23028,7
,luciahdoval,11445,5
446814505495171073,david_648,631,9
446814419549691904,Holly_Crash,1231,21
446814830750482432,_Lopez_w,14244,12
,Juantooc,2738,7
446814748705710080,Riizeeen,15958,9
,lomeliorama,29133,18
,CNRShow,145112,13
,_JosieeMarieee,58896,13
,Arlington_Nunez,17393,10
,YRN_OLG_Oso,3065,4
,RC904,3381,14
,mynameislyonn,6710,21
,akmontii,20642,24
,supdjs2,764,23
,NSicora,589,12
,MNajera92,1762,19
,dcgaugau,3023,10
,OsoArrogantJp,15268,10
,Fastidi_oso,7459,5
,GetTSAJobs,5596,19
,qokie16,1371,10
446814976364118018,YungLasColinas,56603,15
,Shinra_Tensei_,15839,16
446815154827980800,david_648,633,3
,hannah_durham8,1437,27
,david_648,634,14
,_JosieeMarieee,58898,8
,camila_ching,2065,16
,cheludieguez,1656,29
,pasemelo,7031,14
,TryMeasure,25060,14
,_VidaNochexo,11899,9
,JazhielGarciaa,1264,8
,TryMeasure,25059,14
,ftspage,23931,9
,o00oShark,435,10
446814826661036032,abiSauer,2768,18
446814764820205568,LillTentori,9979,6
,LosJonasEnSunga,12951,15
,MaryDiazJ,18367,5
,samhoody,44709,17
446815772372135936,Forever_Arleny,4619,20
,Ale22Fernandez,2591,13
,Hola_soy_Hugo,380,12
,AndrewMach,2952,10
,CandeGuruchaga,5352,9
,gtonyjz,122,7
,AngieAlvarez23,3079,16
,59_johana,4552,17
446815516335042560,Flavgrm,33760,4
,EuChikorita_,20999,5
,razor_scootaa,45547,7
,MeliSaorellano,4831,7
,brookeivycarter,16349,16
,ClauCaballero4,180,20
446810847089008640,_VidaNochexo,11902,7
,bwalt17,50,6
446814671429840897,yoselyn_yohanna,407,21
446466595406487552,BenjaaNob,175,8
,_ForeverAThug_,13762,7
446815488169877504,CheliMarschall,32349,4
,ThuggaaBABY_,21565,5
,MoreeCrespoo,1198,15
,CLeefan,58429,14
,hammel11,30839,16
,__raquan,69815,11
,HeliRomero,10006,12
,VallejosJaki,13668,9
,MafeSalas2,12270,6
446814119115894784,holacarelomio,5791,9
446815590226087936,___Chelseaaa__,36008,9
,andresg9704,1007,16
,TheAMPAS,8676,22
,swedewheels,2077,18
446815908695379968,___Chelseaaa__,36009,6
,_Rosariolml,4332,20
,redmaite,1139,18
,AlexisF50182199,6472,12
,axelabelm,1983,20
,KevTriJones,11576,14
,InstrDesignJobs,41423,15
,mariadani3,19,11
,yamilaabelenn,28109,17
,samhoody,44710,17
,DiscoboyM,250,19
446812294043803649,Samantha__Roman,5424,11
446815943092490240,Alan_TGOD_31,9947,15
,claUdIa0km,27344,14
,_Dreams0103,9031,11
,Arlington_Buzzz,12039,18
,PromyLovesU,1450,12
,AldannaDP,42027,15
,largo_alejandra,12971,10
,mizsaelhdz,7916,15
446816089176301568,Val_LindoPas,89,11
,Roosiimartinez,1746,10
446816014609547264,nissa_sugar,10594,15
,largo_alejandra,12973,13
,AlexCorzo20,164,20
,Blas_SFC,535,29
,GGardiol,641,20
,SoniaLopez2013,354,17
446804687920955393,KING5Seattle,64606,14
446816519482142720,KIRO7Seattle,75558,10
,samhoody,44711,17
446780308956786689,karoline555,262,13
,rexnorton1,466,21
,beezygioni,21224,17
,shadow27,4530,12
,shamrockfest,1786,19
,OriMustaine,2547,16
,NidiaYennig,765,6
,VanessaSaltaren,3706,8
,mipuntodevistaa,86420,13
,CNRShow,145114,6
,JudaOne_,28138,4
,irvincittot,732,14
,SamanthaMors,52203,17
446816095442173953,cKilaKeke,36937,10
,CarlosOmar787,9969,7
,seattletimes,36903,11
,LopezSpeaks_,96507,19
,Luisacoutino,11491,19
,DavidSarmz,538,16
,Va_ozumbilla,2515,11
,shoesbynet,12321,15
446795600172818432,FlorCuello45,808,12
,GnomeGnuts,18624,22
446816634628341761,carly_chafin,9693,7
,AMB_alise,13952,6
,Ani_Grisel,4070,11
,komonews,60593,14
,Niey_IsTheShit,6139,6
,krmo15,616,1
446780777280180224,KBuddyK,12407,12
,LuzO_,121398,15
,itzeLopez,3135,14
,claros_camila,100,6
,LuisCaicaguare,20119,16
,jchmarval,630,20
,sevifati,7197,6
,XimeenaO4,6827,8
,NahuePeke,9483,5
,DCClothesline,23733,15
,StarsFire,1909,14
,thalul4,3261,6
,FranckCastro7,341,13
,sintuvozcaere14,41595,3
,JulioLIZALDE,2223,23
,RiversideCFM,1320,13
,ValenVargas11,979,6
446816282768596992,Ariel_MullerOK,10884,14
446814616098983936,LautaBlochinger,7916,5
,melissaxooxo,23102,17
,CarlosMarfil_,144,14
,One_Criminal,10529,6
,Camilin9804,10707,16
,GuiJiAg,7308,8
,Zaxiel,8114,10
,VAOldBoyNetwork,2490,12
,Aravergara1,3423,12
,doubletreeAH,2265,20
446816104355082240,EvanDeGrande,769,20
,defectsmill,3309,4
,JoseOficial21,10301,2
,ocsdblotter,412284,10
,irmatvg,1110,15
,ByCespedesKaren,8837,12
,rociocapelino14,8248,9
,Pirobertaa,8950,8
,08Efrenl,1218,10
,BalGomezH,1708,25
,CattoEmmerich,11351,16
,tssra2011,12238,5
,VAOldBoyNetwork,2491,11
,BerniAlberdi,28,9
,totisalgueiro,14327,11
,olgaferrer2,2225,16
,SuperWarsame,5735,8
,FacundoLcs,6305,9
446817163458785281,mumabryden,29288,11
,carrrrrla,475,25
,vampirchen13,9716,17
,pp496,7897,18
446817246577311746,LenkagamineNico,3603,4
446466069021335553,avilamass,2790,18
,theyajairamonse,3581,6
,NoeAparicioCarp,11326,11
,heatherj750,49607,22
,CadillacONE,7878,17
,DanilaCohen,6915,10
,SofiaABurciaga,8835,2
,Arlington_Buzz,52036,16
,marianaaroc,35820,11
,lizzthebrat_,75201,13
,oviedoeltoro,13340,16
,ILGopherGirl,2652,22
446813657293262848,natyygal,2461,14
,brascosback08,5050,19
,meganisabitch,2880,20
,TheMountAustin,1744,16
,Ruth_ls13,40755,26
446817632788811776,MarujaZamora,39416,14
,CampesinosColom,3182,19
,radicalyfeliz,70102,16
446756772897120256,ACamiloFer,1864,19
,homeorder,181039,16
,_wegoeson,12719,10
446817893259677696,Aryanna_GarJim,23462,11
,PerlaG21,21359,11
,fjeslava,1648,29
,Savon___D1,34940,11
,seeellegee,8268,8
,NBARumorTalk,2187,20
,14Diablillos,146,29
,muytorta,1080,14
,nelsiluque16,10784,8
,LuciaManga,6898,11
,Kingpin_Koleey,33629,18
,anaitaperez,108,16
,jtrygges,157627,12
446817680788426753,striperello,15336,9
,claudiajiz,2704,7
,tamamilezcano,5382,17
446818100277944321,CatalinaOspinaa,1660,3
,_blahhxd,5014,5
,ItsMarcJoseph,9711,7
446773379920822272,rcannon100,4546,3
,Julitaaa18,2778,6
,andreaa_cab,4326,11
,_caamilitaa,10946,11
,AcabateloChihua,12846,7
,Ferreira9902,3702,11
,Gaz030,3450,10
,Almighty_Vonni,274,10
,MatthewOngg,9406,7
,CcpsAlex,7298,6
,essentialmorty,11371,22
,Oso_Smuvv,27730,6
446818426695471104,Erikavane30,27847,5
446818426695471104,angienicolle2,47444,10
446818253294546944,Copyrite1981,177900,17
,Gia_Ricci,5357,15
,Far_Alis,3657,2
,ardeux,14852,17
446818280091561984,EduCosta25,15324,16
,Julitaaa18,2776,12
,Jus_Do_IT_,16531,11
,AruuGigliotti,1532,28
,Rehatbabyy26,30658,15
,ChinaWhitee__,159060,20
446818011111256064,Jus_Do_IT_,16532,4
,jackson_pitlock,54,13
,fabiana_cinque,734,17
446818364632358912,normaamado,8654,9
446818519393378304,luis_sastre,2376,7
,GloriiaBarajas,1558,6
,frausto76,10,22
446818806095433728,That_Nigga_mook,48183,6
,saul_aranda,3191,2
,ArlingtonHub,1132,16
,tania_mtz,2664,24
,Soylindasah,4932,4
,fresita2909,347,14
446812504539136001,jose_rcalas,1681,21
,Kaf_Kawaii,879,6
,Bhdez_Theurel,238,10
,Raven_neo,34567,26
,LasVegasFD,4423,20
,_xojacks,66880,19
446818962987548672,kayarcee,17067,6
,KING5Seattle,64607,18
,Mayer777,5086,13
,_Jaaiee,43296,6
,yasssmeeennn,9417,10
,bishokuseikatsu,69742,16
,Endurancemusic,539,19
,Endurancemusic,540,18
,TEXPAMAN,1166,20
446816529598775296,PatoCarlos5,1507,9
,asalvatierra18,2468,20
,rafael_r90,25012,16
,Zhaniah_,14281,8
,kaisinoisymuch,6617,18
,OswaldoMend_,9138,16
,antiimperios21,2508,16
,ManuelaOspina6,21039,4
,R_sv18,6331,10
,JesuliRoman,6961,29
,niallcupcak3,7095,16
,Lovee_Swavey,2819,9
446819083736997888,safwan_muhd,39359,19
446816881329324032,camiolmo,863,12
,Julianpk19961,915,24
,chikipiolin,298,19
,NickLivesIt,90,21
,KIRO7Seattle,75559,20
,VallejosJaki,13677,5
442377205919002624,georcas730617,1619,22
,nathaly_osorio8,1524,14
446817279653584896,Samantha__Roman,5425,22
446818631557455872,jaayvee26,416,14
,anat5,266571,15
,theBASEDst1ck,863,18
,lupitacordovaf,6250,18
,emscolnik,23294,18
,raiosysentellas,3041,16
,valen_Hh,1614,17
,rayitafan_ale,20122,19
,JulioLIZALDE,2225,5
,Meryoru,3671,19
,skears,1151,11
446819215169691648,PauCobo,5397,20
,CHICASTONE2,145,18
,KIRO7Seattle,75560,12
,firepeio,4418,22
,marianellady,1445,8
446807535186501633,BlueHamster69,1613,9
,DanteBartolomeo,307,14
,MarianaLazaga,12663,18
,montagnesrusses,31092,5
,Eimi_3,1036,14
,Wachter_97,16766,9
,cristian_lepra,899,10
,LiberenAArturo,11575,15
,sandelJuro,12902,15
,DIEGOCHAMAKH,1404,13
,madgal72,4284,25
,NailethEscalona,1744,15
,usdotjobs,375146,12
,ximenaE143,24357,26
,KFreetage,22099,4
,Dianish_97,17811,19
,ctvwa,25289,11
,lauraruocco,9624,17
,bschaefer86,623,11
,ThatOneGiraffe,11749,6
,Cas_ette,172720,3
,MicaelaaNe,9404,8
,Niguisha,20786,14
446819294005841920,Mariana_Copado,39168,18
,FcojSimancas,2663,15
,LasVegasCFA,3981,22
,vivianmassiel_,9554,3
,_CocainePure,38612,24
,TheRealFolger,16844,21
,_CocainePure,38614,24
,Buffon24,34746,5
446819643814977537,YoItsEduardo,40678,5
,ValentineeGM,7589,6
,AngieGaleano22,2894,14
,roobarragan,14425,19
,jawaletsgo,4577,18
,VelCakes,30413,6
,Ordinary_Gent,13699,6
,Carli_Duff,9433,30
,MaCamilaVg,6193,12
,jordanehanna,16686,18
,iOneShotAtLove,868,6
,MicaPaez1369,322,23
,yomerjose28,88,6
,OyetuDina,22701,14
446818766438293504,_rafaeI,128862,8
,AlwaysColdplay,20861,13
,Job_Arlington,3019,14
,Job_Arlington,3021,16
,Job_Arlington,3020,16
,Job_Arlington,3022,21
,Job_Arlington,3023,18
,bellesouth,29828,21
,GMnarvaez,8839,15
,AnthonyRick,10965,24
,FranckCastro7,342,9
,derosacpa,19,19
446820076235153409,CamiBenitez5,8153,15
,carmenconsejera,1169,15
,ashleiigarzon,8119,9
,x_aguss,9533,14
,MarinaaEberle,12866,19
446819785465397249,CristianValle,18874,11
446819966906408960,PameBarbara,1034,29
,itzelindz,1126,2
,DaaiWilliams2,4015,29
,__liaaxo,8596,10
,KG_SALAZAR10,3172,14
,SnoCoSheriff,511,23
446820290845483008,bellafrique_,50478,14
,CollegeTownUTA,1764,17
,Job_FortWorth,4410,17
,babiee_16,14415,5
,VibinSince98,5231,6
,TheMiddleWay,40426,17
446813293575815168,JuanMayo250561,556,25
,ricardolc13,3677,15
,DHStatehouse,6333,18
,locuramx,1824,27
,lopezronaldo,163,25
,PauEspiga,14,20
,nelsiluque16,10786,12
446820309253906433,lauriincon2,12429,4
,KING5Seattle,64608,15
,whoisgabs,6185,18
,RogerDjokovic,4903,6
,iamdhughes,4986,11
,Isabellatico_RD,73824,15
,Nellys_Yralis,15,15
,hwkfn83,3566,8
,miguelyopal,17833,15
,CollegeTownUTA,1765,16
,ElisaMoreeno,16222,14
,MishaelIG,11400,17
,Martin_Acosta43,16289,8
446820706547159040,LKM_juve,11521,21
,agusafontana,27974,14
,KeuriMA,34538,9
,nuryadelamonja,6423,17
,urthgypsy,2063,18
,pgoddin,2666,12
,MikeLindblom,8946,17
,aldana_cd,19557,11
,AlexiePexie,13643,4
451123948093063168,wsdot,13477,14
,JessiMath,1255,21
,MRandomHell,32,7
,zaedd,13301,16
,David_del_96,104,20
,bun_lucila,92786,13
,LVSunBreaking,21327,8
,TransitFeeds,2153,7
,ataasiringan,32634,19
,Matty_Ice42,22438,9
,xiobe_,412,18
,bminker3,1884,21
,CouncilofPresWA,1798,13
,RAIANBOI,38999,17
,omadmx,36309,17
,jackrunder,158555,10
,huicho_mx01,84847,17
451401423885201408,AriannaAmayaC,726,11
,TheNewsUS,87348,8
,wgevans,23400,17
,Javiroro,7286,7
,RonnieWayHowell,16543,6
,NewsRunners,42402,6
,kurtolindsay,3659,6
,juliecdales,3634,6
,YouNews5,47663,18
,theresa233,905,17
,Samanthachinese,8996,17
,CNNnewsUpdate,28161,17
,EiniaMercado,2624,17
,ggoodvin,1962,5
,sexy_3d,3404,17
,mdonnatan,18050,17
,CharlesHolden4,27302,11
,Teriq416,1412,7
,NWCUA,1450,21
,NWCUF,109,21
,NWStrategicLink,12,21
,TroyStangNWCUA,108,21
,SaveToWinWA,20,21
,wimmer511,10095,19
,AnnGoosWSU,509,19
,HillaryKlainton,16338,12
,__theyLoveKAYLA,27991,2
,elwynlopez,8113,16
,johnlundin,112119,13
,pinkcows399,1035,16
,NWCollectiveMMJ,133,15
,beyonddc,8638,19
,BvueOEM,568,22
,RochyEspinosa,5854,5
,unicornzarry,18164,10
451401003355492352,MuhammadLerNih,4060,7
451401479929081856,mattamilian,10436,22
448065704798216192,ManuelDeBedout,1259,20
,sgqm,5111,19
451399983070060544,ErikIvanR,3397,9
451401340909260800,YoungOneJohnny,333,10
,MethowDog,491,14
,Davidegreco23,1922,12
,YUSUF_FM48,59619,17
,Allen3775,657,15
,_NewsOMG_,2353,18
,dailyEEUU,28340,8
,Retuiteador5,9431,17
,Actualidad39ehr,8900,17
,SteviAnastasia,344,17
,NewsTodayW,2083,17
,News31858558,2361,17
,TheNewsUS,87349,11
,TheInformer2014,1822,17
,TheMessenger976,2391,17
,CourierRyan,1695,21
,zaynmalwik,142499,19
,Meliiiii04,21476,7
,CourtneyCaroli2,11245,11
,NickyWardRowan,15,22
,NewsElk,49607,19
,Sir_Lead,69247,17
,ardhi_sapoetra,37477,17
,SlowestPoison,151182,17
,gloriaHug,39381,13
,mkkinderdesign,5630,20
,photoshop00000,128131,16
,photoshop00000,128132,16
,UK_debateG,403,17
,photoshop00000,128133,19
,femi_adebayo,41897,17
,aizeecom,64135,17
,StoleItBreezing,236,19
,kaskusME,121289,17
,World_News_N1,90564,17
,Mamaisonmonjard,27496,17
,ArizonaNewsnet,348615,19
,pudyvetu,211214,19
,amyemartinez,370,19
,W___W___U,8692,17
,COUGFANcom,15115,16
,nanoreishon,36042,12
,indiracarazo,6993,18
,PDX430,6252,15
,SolLopezMaya,8213,13
,JayElkes,4505,7
,DedhamGIS,33,16
451394691318427648,Key_Ruiz,18528,22
,RagoEze,2180,10
,casas_marina123,861,28
,DoyleGlobal,52400,9
,MobilityLabTeam,3881,14
,Jake_Hunter,45800,9
,romiflamini,25974,6
,NicoleCardinaux,14219,14
,rivertorbett,836,15
,GlennFarley,2194,13
,fahmirizald,143803,9
,GatesDigital,310957,14
,PulpNews,1267582,17
,paanLOL,6139,9
451401581641338880,KINGSAuntie,77731,3
,00Guai,1385,19
,BereBreni,2389,25
,PaulAllul985,22579,14
,jamonsmith,4946,17
,JasonPuckettKJR,21026,20
,jfigg_dtx,7308,8
,shehernaval,331,28
,AdrianaOntive11,40,20
,757LiveUS,7575,13
451401655461097472,JoeKnaus,1170,21
,DavidThinkr,54910,10
,NewsItemsz,8396,21
,Beckyyyyyyy_,18371,12
,madecandell,7287,23
,AdrianaOntive11,39,9
,Doodisgirl,7423,9
,mnemosi_ne,2492,17
,TheBunk_,2910,27
,Patobrunopb,8710,10
,Helma_Lennartz,2839,17
451397623698583552,josestar76,8092,6
,lineaverde2,4,17
,karlitavilla99,71,11
,Local12,51296,8
,KaremMaravi,29,11
,Lechuuza,15347,9
,King_Arthur_44,5047,7
,Pinche_Arthur,26652,25
,diana_moli,12746,15
,TripawDaisy,18659,15
451400841434763264,juancrifischer,4406,14
,LocalFareDFW,392,15
,mirlarrin,15251,20
,formargaretn,11226,10
451402419960680448,paanLOL,6141,7
,micapiergallini,32269,21
,VESCOMO,4352,14
,NextCurveRenton,189,22
,StoleItBreezing,237,15
,TheINSGrp,3805,13
,CoachSelfridge,2343,20
,JacobThorpeSR,8755,20
,erinconnell__,3429,20
,rikkiking,7460,21
,shaneskladany,6142,18
,evonnebenedict,17034,14
,OldHydePark,390675,20
,whatisseo1,151329,9
,eddiebauer,6305,15
451402131921055744,Drug_Money22,9430,13
,bizatthestate,4964,8
,aidegatxo,2229,16
,NFPAU,9975,15
,SUSTUPENENGO,7927,10
,komonews,61549,13
,GEGEmergencyMgt,1427,9
,santunnia,23228,23
,TheAlsace,27339,25
,erikaemg2000,983,22
,realjondykes,120,15
,Job_Arlington,4307,15
,TheAlsace,27343,22
,ViluuuGonzalez,11403,14
,FloraFornica69,2052,16
451402615482744833,KINGSAuntie,77735,2
,yudaboooy,5661,23
,luli_coscia,25982,21
,LindseyBoisvin,626,13
,Y22098271Young,19518,16
,manthing11,27457,12
,JAGano,512,20
,GuilleFigaro14,13334,12
,Arlington_Buzz,53228,17
,AlexaVaughn,2330,16
,aguus_vl,11053,10
451402322716160001,YoungOneJohnny,334,19
,YTown_Track,91,20
,WillSeattle,107119,19
,atenasjose52,23,19
,PassionOnNow,8718,10
,canalfabeto,2686,18
,idoiatx98,4288,12
451388059427160065,tonyrios15,517,25
,WhiteSierra1,70,20
,DTNSouthKorea,134483,20
451402890913918976,ComeBackIsReal,4686,14
,the_mischief,19485,5
,World_News_N1,90575,19
,devinjpr,5663,23
451400129040228352,KarlaPvn,1182,7
,mirlarrin,15252,16
,LbLucila,861,17
,SharedGeo,354,18
,AnaCabrera,8891,21
,Fallen_jacoby,77910,9
,ElizabethKingEM,641,11
,alexragnew,87,20
,AJPerugini,3325,18
,BraintheBox,41,9
,ada_bscakes,6746,20
,PHILAlerts,7687,18
,ciamass,3048,14
,CoachDBartel,1052,20
,Zoe_Kelly21,5392,12
,AlexaVaughn,2331,23
,malucanarias,5771,20
451398555438432257,IainMcGill,39196,15
,MysaviorYeshua,3363,12
,wachufleiba1,10591,20
,akremersvag,980,24
,Micaelac13,2912,23
,iDenovan,13667,14
,FernadaUgarte,3976,7
,darwalters,1080,19
451401901922582528,CeciSarli,1827,22
,NEWSGUYSULLY,6249,8
,reggiemiles,392,16
,Imagimario15,683,17
,USGS,5926,28
,ManyHatsMilles,7711,20
,crisechegvil,28432,17
,otxwcm,372,18
451403005615951872,_RAREbeautyyy,30780,3
,WorldNewsNgayon,118807,13
451402600668495873,koldogernike,11842,11
,jennyhparker,192,10
451359728799858688,2win_mom,513,15
,VIMALMAHAJAN1,28,19
,KUSHMIXTAPEZ,859,2
,sidrashah624,1710,13
,smittyPA,5095,20
451402839353733120,PatrickMacCoon,12030,17
,laurelalexis93,7465,20
,Meliiiii04,21483,6
,snocounty,1263,14
,RedditDogecoin,32281,21
,panderson11,4174,18
,jlcmayo1981,462,5
,Lemziy,17579,9
,DoyleGlobal,52402,13
,NAWICSAFETY,1049,12
,OTGMark,4341,26
,otramalulera,11770,13
,jrichard58,2688,22
,InternetTopTen,8250,10
,sofiagaraay,7419,8
451038389823737856,r0d0lf0trevino,4378,12
,abelqueal,47849,16
,Newsdock,13914,12
451400240760115200,rikaa33,23630,21
,VDEM,3478,18
,ismaelpilas,13417,11
,MadisonMisnomer,792,21
,FraseDeSarcasmo,49266,12
,TheBurgessBunch,3017,18
446457205114798080,SofyJBLapasset,13095,20
,Lau7902,14309,5
,sethkey42397,1016,5
,acostamagui,19112,19
,CristianNadamas,2864,20
,Mentalist_CBS,1287,17
,perly_10,1727,22
,americorps,2964,18
,UnguiaMunicipio,19,19
,Arlington_Park,3016,17
,KING5Seattle,65842,11
,oso_imvginvry,34071,5
,sneakernews,54056,12
,Angelelalela,12550,10
,BorrachosVIP,25167,8
,stuAffairsUTA,1474,15
,mariorua3,9420,17
,NTSB,3536,13
,Oso_thatsRoni,20525,10
,belubaa,25621,17
,accer_fema,884,18
,SoMuchFoodPorn,111,5
,BHallESPN,50295,21
,DeLeon_Times,3294,15
,pumita_ene,9787,14
,CatieHdez,15762,14
,Defiendetubici,697,15
,TuFraseDisney,342,17
,StormieMcDonald,2523,20
,Oso_Smuvv,27722,9
,HempFarmers,1155,21
,DonPorfirioDiaz,87839,22
,GrumpyCody,392,13
,mimoda16,3031,13
,DaianaDms,755,10
,VineVideosEs,1673,5
446808143570677760,Oso_smooth3,7380,7
446728015611838464,1savedpatriot,8426,16
,Oso_Racks,16422,4
,El_Guayaco,35853,21
,Hyacinth39,22341,18
,Xulia4,25565,22
,_OSo_Pretty,37986,7
446806499588075520,Fastidi_oso,7449,6
,A5H0KA,62697,24
444824485334888448,NatachaJaitt,25667,7
,WAStateGov,903,21
,ArlingtonPD,11142,20
,claykaledin,1394,18
,NatGeo,15979,14
,Realist_Indian,113322,17
,Emiliosfc1905,2692,13
,DieselDave22,3663,18
,EsFoodPorn,494,5
,muyparda,55288,5
,Pal_JM,5242,18
446805175668195328,IAmAdolfitito,1502,12
,Oso_smooth3,7380,6
,sarazucks,281,20
,LopezPamela03,29235,14
,ElMundoEnFoto,5415,4
,ASTATEBaseball,652,4
,ieraran,159,14
446785946516590592,Topnotch_juug,20046,2
,OSO__ARROGANT__,9277,8
,ChisteTipico,17221,12
446817386272788480,DenisseD__,9266,14
,eliza_oso,53,63
,AgueroLuuli,16298,21
,Oso_Racks,16410,8
,catlions14,148,13
,DHSgov,5194,18
,CNN,41110,20
,Fastidi_oso,7458,12
446805050204364800,Oso_smooth3,7378,7
,InTheKnowDallas,1699,13
,millert95,13753,9
,Stephanieacl,66755,13
,EsHoraDeReir,3851,12
,TepaRuiz69,12412,8
,loud_money_,476,4
445913634883911680,italiadeidolori,80851,16
446804315240271872,jaredj5,137880,22
446772185793708032,eduardogimenez2,1965,7
,Eveemdlm,7247,26
446810350428901376,asdfghjlstyles,5418,19
,oso_arturo,18258,20
,UniPuns,439,5
,Arlington06,6,21
,Oso_Smuvv,27697,9
,SEAPapaJohns,21,17
,drudruzianich,6792,10
,TheAlexHero,22844,18
,elchatoprada,2965,9
,NarRucci,2644,15
446819782541971457,Sterlinnn_,51913,23
,ALLCAPSBRO,105757,15
,Maldad_oso,5103,1
,NuestraBelleza,5651,12
,juansalvadorms,1973,14
,Caaiiitlynn,7742,5
,nathanvickers,6730,11
,fema,9068,18
,SebaSosaFans,170,19
,latorre_cande,41379,10
446799182553047040,Oso_beautiful_,15764,10
446787618894671872,AlquisiraA,4622,9
,GlennFarley,2082,19
,aeidinger,15980,21
446738314754674688,galoaae,4432,15
,LevelUPcom,19662,8
,HoquiamJMJ,5921,7
,GlennFarley,2082,22
448984676997160961,antipandemonium,45923,23
,yisucrist,1849,30
,Roma2185,783,3
,Fastidi_oso,7445,12
,DaianaDms,755,6
,UhHuhHerMusic,4056,6
,GossipCheermty,109,14
,vicupronino,15822,14
,MarianKola13,4729,11
446780401378283520,bovmovement,467,8
,Fernandadiazc15,25266,4
446783041730772992,tiffvnix3,11627,17
,pabmoi,428,15
,cnnbrk,31189,10
,OnlyAWild,29930,8
383098867308175360,joolsferdinand,5333,5
,fonchosantos,23722,16
,Oso_Smuvv,27722,9
,wsdot_traffic,81810,13
446794843277496321,JayR2dz,64083,16
,Oso_Smuvv,27722,9
,MaissChistes,9553,12
446469671685197824,Oso_Lean,3726,14
,iqbal_oso,337,14
,Oso_Smuvv,27732,9
446808053124317184,accer_fema,884,20
,bemfema,6645,17
,Oso_Mcbo,3259,17
,511northernva,365715,10
,piropeadores,4120,28
,anticraista,28632,20
,Ibero_Anon,27274,13
,OrellanaSele,34501,6
,QueVillewolfs_,16611,9
,DamnFoodPorn,324,5
,aylinn_inda,11268,12
,Fastidi_oso,7453,6
,o_OsO_o,1290,12
,Rangers,12687,16
,FoodPornMenu,415,5
,djebou,3192,18
,oso_swervy,3173,4
,Marilacitos,12554,10
,Oso_smooth3,7382,17
,HeyArchi,15162,21
,Xx_Oso_Savage,10265,2
,virlli76,144,28
,oso_swervy,3170,11
,RobbinsLib,492,20
,Alison_Grande,920,18
,Monociclope,181,17
,jose_skrat,268,8
446797060050673664,DrM47145,4546,21
,cherovapete_,64545,15
,RodriCjs1,662,11
446805722995511296,Irela_,2276,18
,Oso_Smuvv,27707,9
,oso_thebare28,2831,7
,MundoAnimaI,22128,9
,accer_fema,882,19
,lillamont_,24973,16
,_prxscxlla,1390,15
,eltreceoficial,38189,8
,SeattleSullivan,629,21
,KHOU,71384,17
,Oso_Smuvv,27729,9
,oso_thebare28,2831,18
,MarkJBat,555,17
,DogRescueTweets,11406,8
,ByMikeBaker,1869,16
446811315802091520,loud_money_,478,6
,Guaiqueries2014,15691,18
,_LovelyMonique,7098,4
,jacksburke,3621,10
,jeffrennerwx,1181,13
,PBRNewYork,143,17
,Oso_Mostazo,290,18
,NTSB,3537,12
446819891815784448,SharonButron,31277,7
,callanbentley,10236,21
,MarysvilleWAPD,137,21
,Principessa_A_M,11951,6
,mipuntodevistaa,86420,13
446805942299283456,Fastidi_oso,7447,5
,ElMundoEnFoto,5393,3
,PhrasesDisneyES,12668,17
,CausandoRisas,1562,12
,tuqueridasocia,7707,23
,oso_swervy,3171,6
,DailyEvergreen,9197,20
,La_Barbie_Regia,2281,26
,SofiaJPhoto,177,19
,_larryreal,22189,13
,DitaKnights,20011,25
,TheWellness,1875,13
,DanKingImages,4669,19
,paulsilvi,632,16
,JesusMarMes,7064,12
,yisucrist,1968,29
,ynsm8,46938,26
,Alisha_Beth,8685,20
,CarlosLanga,22037,27
,AllHandsDotNet,10491,10
,Oso_Exclusive,3639,5
,StaceyWescott1,133,16
,MateoSmosh,1923,7
,DanielLG89,537,15
,FannyByMixxy,6160,18
,Oso_Smuvv,27724,9
,JT_IV_,128654,10
,NWCN,20870,20
,_SebasabeS_,65440,8
,wsbtv,61713,13
446504864520994816,ara_toreto,5808,11
,eastcoastdymes,103418,15
,Seahawks,31666,3
,LoriMatsukawa,4753,16
,Oso_Smuvv,27714,9
,AlfaBetaJuega,47618,8
,Gse_Oso,7886,3
,planetaurbe,421485,14
,SpiderMeeme,7179,23
446819782541971457,loyalbosss,80682,23
,___palo,1685,13
,LostDogTX,23398,20
,Oso_Smuvv,27728,9
,pizzahut,179062,25
,FoodToDonate,2133,17
,Cutitattoos,9721,14
